{
  "version": 1,
  "total_chunks": 395,
  "total_time_seconds": 339.2549033000105,
  "runs": 5,
  "ema_seconds_per_chunk": 0.8934246719696883
}